{"0": 
{"mean_cum_rewards": -110.0192356098095}, 
"1": {"mean_cum_rewards": -115.02875865999958}, 
"2": {"mean_cum_rewards": -74.73301849806217}, 
"3": {"mean_cum_rewards": -51.77625867793434}, 
"4": {"mean_cum_rewards": 20.49851714160886}, 
"5": {"mean_cum_rewards": 2.299689354643263}, 
"6": {"mean_cum_rewards": 125.17913930286696}, 
"7": {"mean_cum_rewards": -105.96896150688478}, 
"8": {"mean_cum_rewards": 7.596232565101356}, 
"9": {"mean_cum_rewards": 49.82538941178384}, 
"10": {"mean_cum_rewards": -24.69182822471321}, 
"11": {"mean_cum_rewards": 64.37464250715085}, 
"12": {"mean_cum_rewards": -62.64544864098964},
 "13": {"mean_cum_rewards": -64.23243991114487}, 
 "14": {"mean_cum_rewards": -65.71191987402707}, 
 "15": {"mean_cum_rewards": 53.286270827052725}, 
 "16": {"mean_cum_rewards": -37.20244735254791},
"17": {"mean_cum_rewards": -12.88506136917617}, 
"18": {"mean_cum_rewards": 175.11463087076362}, 
"19": {"mean_cum_rewards": 152.61155461320365}}