{"0": {"mean_cum_reward": -119.27644535482256}, "1": {"mean_cum_reward": -105.40583672772216}, "2": {"mean_cum_reward": -101.98354154675064}, "3": {"mean_cum_reward": -92.33421600202168}, "4": {"mean_cum_reward": -28.017391745653555}, "5": {"mean_cum_reward": -110.47698113692718}, "6": {"mean_cum_reward": -53.46613722834153}, "7": {"mean_cum_reward": -97.56835759476066}, "8": {"mean_cum_reward": -46.99488819493646}, "9": {"mean_cum_reward": -117.90295240118816}, "10": {"mean_cum_reward": -20.061897146271686}, "11": {"mean_cum_reward": -59.674852357687804}, "12": {"mean_cum_reward": -50.77708884001472}, "13": {"mean_cum_reward": -47.466142036182134}, "14": {"mean_cum_reward": -90.74851011020253}, "15": {"mean_cum_reward": -84.13813691634944}, "16": {"mean_cum_reward": -95.19279088756373}, "17": {"mean_cum_reward": -116.2202801308453}, "18": {"mean_cum_reward": -80.76386904971939}, "19": {"mean_cum_reward": -80.42258265761954}, "20": {"mean_cum_reward": -24.38264121541323}, "21": {"mean_cum_reward": -54.89237850878552}, "22": {"mean_cum_reward": -70.0220443926837}, "23": {"mean_cum_reward": -42.908397614277156}, "24": {"mean_cum_reward": -71.06441753113526}, "25": {"mean_cum_reward": -93.99340729809842}, "26": {"mean_cum_reward": -78.81706621776792}, "27": {"mean_cum_reward": -51.22014364630647}, "28": {"mean_cum_reward": -83.55832458931232}, "29": {"mean_cum_reward": -48.54184461256826}, "30": {"mean_cum_reward": -96.78101623487828}, "31": {"mean_cum_reward": -83.23910573230118}, "32": {"mean_cum_reward": -55.899040797446844}, "33": {"mean_cum_reward": -97.24662794103013}, "34": {"mean_cum_reward": -100.36213223939491}, "35": {"mean_cum_reward": -60.189344840904646}, "36": {"mean_cum_reward": -92.78533288597369}, "37": {"mean_cum_reward": -21.810114146393776}, "38": {"mean_cum_reward": -87.55752546699779}, "39": {"mean_cum_reward": -50.4238609307863}, "40": {"mean_cum_reward": -83.18923089536885}, "41": {"mean_cum_reward": -47.51117836513089}, "42": {"mean_cum_reward": -50.79404797863938}, "43": {"mean_cum_reward": 28.86293318185822}, "44": {"mean_cum_reward": -39.14783899401335}, "45": {"mean_cum_reward": -84.89821793404369}, "46": {"mean_cum_reward": -65.98786888281153}, "47": {"mean_cum_reward": -89.68653168768567}, "48": {"mean_cum_reward": -54.25073133987422}, "49": {"mean_cum_reward": -71.44058040090319}}