{"0": {"mean_cum_reward": -128.0099687609617}, "1": {"mean_cum_reward": -127.31273268758339}}